f1,f2,f3,dur,f1_raw,f2_raw,f3_raw,dur_raw,speaker,label
0.649851142,0.593566719,0.079415813,0.952367567,0.649851142,0.593566719,0.079415813,0.952367567,m01,ae
1.596846115,-0.84574842,-0.198539532,0.687219778,1.596846115,-0.84574842,-0.198539532,0.687219778,m01,ah
0.384918025,0.387389243,0.292514911,-1.206692997,0.384918025,0.387389243,0.292514911,-1.206692997,m01,eh
-0.917200063,0.766363079,0.264719376,-1.130936486,-0.917200063,0.766363079,0.264719376,-1.130936486,m01,ih
-1.261049429,1.469330091,1.932451447,1.558419655,-1.261049429,1.469330091,1.932451447,1.558419655,m01,iy
0.593482394,-0.84967561,-0.828571648,-0.221858354,0.593482394,-0.84967561,-0.828571648,-0.221858354,m01,uh
-1.046848185,-1.521225101,-1.541990367,-0.638519164,-1.046848185,-1.521225101,-1.541990367,-0.638519164,m01,uw
0.755173798,0.593366873,-0.372297228,0.903538789,0.755173798,0.593366873,-0.372297228,0.903538789,m02,ae
1.418296826,-0.93574833,0.855128047,0.876624868,1.418296826,-0.93574833,0.855128047,0.876624868,m02,ah
0.210912445,0.478485161,-0.467255631,-1.330316685,0.210912445,0.478485161,-0.467255631,-1.330316685,m02,eh
-0.564816379,0.712210023,-0.523527277,-0.899693943,-0.564816379,0.712210023,-0.523527277,-0.899693943,m02,ih
-1.390592225,1.500536255,1.734372513,0.52674389,-1.390592225,1.500536255,1.734372513,0.52674389,m02,iy
0.792709064,-1.060533638,0.35571719,-1.168833157,0.792709064,-1.060533638,0.35571719,-1.168833157,m02,uh
-1.22168353,-1.288316343,-1.582137614,1.091936239,-1.22168353,-1.288316343,-1.582137614,1.091936239,m02,uw
0.629080822,0.49069218,0.061624266,0.316876128,0.629080822,0.49069218,0.061624266,0.316876128,m03,ae
1.642654278,-0.849110815,1.073684323,0.886131474,1.642654278,-0.849110815,1.073684323,0.886131474,m03,ah
0.225021134,0.285881531,-1.605786156,-0.860893552,0.225021134,0.285881531,-1.605786156,-0.860893552,m03,eh
-0.726916098,0.704036605,-0.353154446,-1.292742435,-0.726916098,0.704036605,-0.353154446,-1.292742435,m03,ih
-1.247399764,1.668353411,1.488463035,-0.252379217,-1.247399764,1.668353411,1.488463035,-0.252379217,m03,iy
0.642777761,-1.0219198,0.260718047,-0.605710121,0.642777761,-1.0219198,0.260718047,-0.605710121,m03,uh
-1.165218133,-1.277933111,-0.925549068,1.808717723,-1.165218133,-1.277933111,-0.925549068,1.808717723,m03,uw
0.745495946,0.368129475,-0.724253234,1.411331118,0.745495946,0.368129475,-0.724253234,1.411331118,m04,ae
1.342064873,-0.831972612,-0.195126478,1.147882642,1.342064873,-0.831972612,-0.195126478,1.147882642,m04,ah
0.570743432,0.184064737,-0.259729163,-0.775291227,0.570743432,0.184064737,-0.259729163,-0.775291227,m04,eh
-0.501875446,0.456480548,-0.278187074,-0.827980922,-0.501875446,0.456480548,-0.278187074,-0.827980922,m04,ih
-1.466027248,1.92654425,2.244393972,-0.485497905,-1.466027248,1.92654425,2.244393972,-0.485497905,m04,iy
0.570743432,-0.993949581,0.294008139,-1.249498483,0.570743432,-0.993949581,0.294008139,-1.249498483,m04,uh
-1.26114499,-1.109296816,-1.081106163,0.779054777,-1.26114499,-1.109296816,-1.081106163,0.779054777,m04,uw
0.702700654,0.434702529,-0.973707701,1.256177224,0.702700654,0.434702529,-0.973707701,1.256177224,m06,ae
1.847777315,-0.845435755,-0.003848647,0.590442923,1.847777315,-0.845435755,-0.003848647,0.590442923,m06,ah
0.068599063,0.43677395,0.112893646,-0.879720328,0.068599063,0.43677395,0.112893646,-0.879720328,m06,eh
-0.6763164,0.757844231,0.687624938,-1.379021054,-0.6763164,0.757844231,0.687624938,-1.379021054,m06,ih
-1.125728207,1.565698488,1.522781345,0.895571144,-1.125728207,1.565698488,1.522781345,0.895571144,m06,iy
0.308695782,-0.930364023,0.409239468,-1.101631761,0.308695782,-0.930364023,0.409239468,-1.101631761,m06,uh
-1.125728207,-1.41921942,-1.75498305,0.618181852,-1.125728207,-1.41921942,-1.75498305,0.618181852,m06,uw
0.662759244,0.470163236,-0.324155549,0.875270329,0.662759244,0.470163236,-0.324155549,0.875270329,m07,ae
1.541011018,-0.77065491,-0.913968376,1.217381066,1.541011018,-0.77065491,-0.913968376,1.217381066,m07,ah
0.287323372,0.378801626,-0.181398304,-0.897485312,0.287323372,0.378801626,-0.181398304,-0.897485312,m07,eh
-0.557407341,0.739998689,0.453495759,-1.115192145,-0.557407341,0.739998689,0.453495759,-1.115192145,m07,ih
-1.227828542,1.568627246,2.162825928,1.030775209,-1.227828542,1.568627246,2.162825928,1.030775209,m07,iy
0.656055032,-0.889637472,-0.136317068,-1.270697025,0.656055032,-0.889637472,-0.136317068,-1.270697025,m07,uh
-1.361912783,-1.497298414,-1.060482391,0.159947877,-1.361912783,-1.497298414,-1.060482391,0.159947877,m07,uw
0.511595914,0.46444429,-0.337101526,0.888537182,0.511595914,0.46444429,-0.337101526,0.888537182,m08,ae
1.380190171,-0.752982789,-0.636381906,1.340251616,1.380190171,-0.752982789,-0.636381906,1.340251616,m08,ah
0.568552915,0.207045422,-0.043576539,-0.848826023,0.568552915,0.207045422,-0.043576539,-0.848826023,m08,eh
-0.385476842,0.51777919,-0.129907417,-0.98781508,-0.385476842,0.51777919,-0.129907417,-0.98781508,m08,ih
-1.595813101,1.809411348,2.02836455,1.201262559,-1.595813101,1.809411348,2.02836455,1.201262559,m08,iy
0.682466916,-0.887479495,0.549228828,-0.744584231,0.682466916,-0.887479495,0.549228828,-0.744584231,m08,uh
-1.161515973,-1.358217966,-1.43062599,-0.848826023,-1.161515973,-1.358217966,-1.43062599,-0.848826023,m08,uw
0.534238708,0.323628737,-0.193125485,1.052776102,0.534238708,0.323628737,-0.193125485,1.052776102,m09,ae
1.643534364,-0.695111113,-0.641615949,0.888605571,1.643534364,-0.695111113,-0.641615949,0.888605571,m09,ah
0.458604914,0.275281761,0.146445866,-0.771340906,0.458604914,0.275281761,0.146445866,-0.771340906,m09,eh
-0.776747066,0.741484743,0.357877084,-1.099681968,-0.776747066,0.741484743,0.357877084,-1.099681968,m09,ih
-1.390221178,1.635903798,1.780232554,1.089258442,-1.390221178,1.635903798,1.780232554,1.089258442,m09,iy
0.525834953,-0.636404071,0.319435044,-1.428023029,0.525834953,-0.636404071,0.319435044,-1.428023029,m09,uh
-0.995244695,-1.644783855,-1.769249114,0.268405788,-0.995244695,-1.644783855,-1.769249114,0.268405788,m09,uw
0.322333838,0.760178432,0.316814326,1.511142992,0.322333838,0.760178432,0.316814326,1.511142992,m10,ae
1.589049273,-0.963606463,-0.785274534,1.224546907,1.589049273,-0.963606463,-0.785274534,1.224546907,m10,ah
0.573037935,0.129171619,0.195111262,-0.990059202,0.573037935,0.129171619,0.195111262,-0.990059202,m10,eh
-0.489155737,0.571601683,-0.636526344,-0.990059202,-0.489155737,0.571601683,-0.636526344,-0.990059202,m10,ih
-1.34023017,1.649873861,2.176166696,-0.02605419,-1.34023017,1.649873861,2.176166696,-0.02605419,m10,iy
0.619220268,-0.825800377,-0.244372026,-1.06822177,0.619220268,-0.825800377,-0.244372026,-1.06822177,m10,uh
-1.274255408,-1.321418755,-1.021919381,0.338704464,-1.274255408,-1.321418755,-1.021919381,0.338704464,m10,uw
0.498692442,0.59253625,0.296664774,0.566574747,0.498692442,0.59253625,0.296664774,0.566574747,m11,ae
1.734184234,-0.391636309,-1.034962471,0.658807846,1.734184234,-0.391636309,-1.034962471,0.658807846,m11,ah
0.189819494,0.163294724,0.082576793,-2.108185107,0.189819494,0.163294724,0.082576793,-2.108185107,m11,eh
-0.323026156,0.734826259,0.686304901,-0.263523138,-0.323026156,0.734826259,0.686304901,-0.263523138,m11,ih
-1.296267332,1.505563805,1.713927212,0.751040944,-1.296267332,1.505563805,1.713927212,0.751040944,m11,iy
0.49286465,-0.934709842,-0.200019343,-0.540222434,0.49286465,-0.934709842,-0.200019343,-0.540222434,m11,uh
-1.296267332,-1.669874886,-1.544491867,0.935507141,-1.296267332,-1.669874886,-1.544491867,0.935507141,m11,uw
0.808355928,0.402874894,-1.003287801,1.478497814,0.808355928,0.402874894,-1.003287801,1.478497814,m13,ae
1.533485726,-0.406507124,-0.28297861,0.897916965,1.533485726,-0.406507124,-0.28297861,0.897916965,m13,ah
0.411703731,0.362617673,-1.526369475,-0.439943252,0.411703731,0.362617673,-1.526369475,-0.439943252,m13,eh
-0.741066716,0.892317947,0.463055908,-1.424406431,-0.741066716,0.892317947,0.463055908,-1.424406431,m13,ih
-1.280265797,1.349978983,1.792197866,0.216365534,-1.280265797,1.349978983,1.792197866,0.216365534,m13,iy
0.461285256,-0.781534918,0.248678173,-1.222465266,0.461285256,-0.781534918,0.248678173,-1.222465266,m13,uh
-1.193498129,-1.819747455,0.308703939,0.494034635,-1.193498129,-1.819747455,0.308703939,0.494034635,m13,uw
0.566609093,0.414761689,-0.169735105,1.050997515,0.566609093,0.414761689,-0.169735105,1.050997515,m14,ae
1.455732523,-0.735700531,-1.299793716,1.387958551,1.455732523,-0.735700531,-1.299793716,1.387958551,m14,ah
0.319200834,0.253968741,0.263278007,-1.25156956,0.319200834,0.253968741,0.263278007,-1.25156956,m14,eh
-0.291588305,0.537054917,0.199910235,-0.240686454,-0.291588305,0.537054917,0.199910235,-0.240686454,m14,ih
-1.575018648,1.812075054,2.085101469,0.152434754,-1.575018648,1.812075054,2.085101469,0.152434754,m14,iy
0.705776239,-0.989345744,-0.190857696,-1.476210251,0.705776239,-0.989345744,-0.190857696,-1.476210251,m14,uh
-1.180711736,-1.292814125,-0.887903194,0.377075444,-1.180711736,-1.292814125,-0.887903194,0.377075444,m14,uw
0.548664734,0.469945181,-0.804411957,1.580930105,0.548664734,0.469945181,-0.804411957,1.580930105,m16,ae
1.406197739,-0.866985538,0.862914645,0.796071188,1.406197739,-0.866985538,0.862914645,0.796071188,m16,ah
0.430069744,0.374107854,0.277887767,-0.616674864,0.430069744,0.374107854,0.277887767,-0.616674864,m16,eh
-0.518690176,0.699954767,0.731283597,-1.480019673,-0.518690176,0.699954767,0.731283597,-1.480019673,m16,ih
-1.640781236,1.622389045,0.087754032,0.285912891,-1.640781236,1.622389045,0.087754032,0.285912891,m16,iy
0.767609331,-0.902924536,0.892165989,-1.009104322,0.767609331,-0.902924536,0.892165989,-1.009104322,m16,uh
-0.993070136,-1.396486773,-2.047594073,0.442884675,-0.993070136,-1.396486773,-2.047594073,0.442884675,m16,uw
1.14301231,0.308205271,-0.344407015,1.172782371,1.14301231,0.308205271,-0.344407015,1.172782371,m17,ae
1.171871052,-1.065428863,-0.443096744,0.792210608,1.171871052,-1.065428863,-0.443096744,0.792210608,m17,ah
0.233961943,0.472487163,0.228933318,-0.893178627,0.233961943,0.472487163,0.228933318,-0.893178627,m17,eh
-0.631800312,0.927726141,0.985554576,-1.219382995,-0.631800312,0.927726141,0.985554576,-1.219382995,m17,ih
-1.46148914,1.485888714,1.601190507,1.28151716,-1.46148914,1.485888714,1.601190507,1.28151716,m17,iy
0.674057756,-0.738844379,-0.292712395,-1.029097113,0.674057756,-0.738844379,-0.292712395,-1.029097113,m17,uh
-1.129613609,-1.390034047,-1.735462247,-0.104851404,-1.129613609,-1.390034047,-1.735462247,-0.104851404,m17,uw
0.079100124,0.781897928,0.446345247,0.402132175,0.079100124,0.781897928,0.446345247,0.402132175,m18,ae
1.417899246,-0.644271179,-1.00918728,1.749151607,1.417899246,-0.644271179,-1.00918728,1.749151607,m18,ah
0.731971301,0.263493245,0.417898357,-1.221198936,0.731971301,0.263493245,0.417898357,-1.221198936,m18,eh
-0.301052712,0.534932607,0.266181612,-1.065773617,-0.301052712,0.534932607,0.266181612,-1.065773617,m18,ih
-1.54894572,1.56061741,1.868689736,0.557557494,-1.54894572,1.56061741,1.868689736,0.557557494,m18,iy
0.781556453,-1.067004612,-0.8148002,-0.824000898,0.781556453,-1.067004612,-0.8148002,-0.824000898,m18,uh
-1.160528691,-1.429665399,-1.175127471,0.402132175,-1.160528691,-1.429665399,-1.175127471,0.402132175,m18,uw
0.487222045,0.314229778,-0.629646839,0.825508434,0.487222045,0.314229778,-0.629646839,0.825508434,m19,ae
1.744113697,-0.81549295,-0.833784972,1.651016868,1.744113697,-0.81549295,-0.833784972,1.651016868,m19,ah
0.324814697,0.048553459,-0.249207591,-1.12269147,0.324814697,0.048553459,-0.249207591,-1.12269147,m19,eh
-0.635507015,0.546397373,-0.01723244,-0.825508434,-0.635507015,0.546397373,-0.01723244,-0.825508434,m19,ih
-1.511094458,1.903500735,2.302519072,0.429264386,-1.511094458,1.903500735,2.302519072,0.429264386,m19,iy
0.444854911,-0.600079718,0.149789669,-1.188732145,0.444854911,-0.600079718,0.149789669,-1.188732145,m19,uh
-0.854403876,-1.397108676,-0.7224369,0.231142361,-0.854403876,-1.397108676,-0.7224369,0.231142361,m19,uw
0.229690134,0.741138603,0.821643318,1.084055858,0.229690134,0.741138603,0.821643318,1.084055858,m20,ae
1.656459028,-0.323679661,-0.811612641,0.71517574,1.656459028,-0.323679661,-0.811612641,0.71517574,m20,ah
0.374539768,0.205436219,0.137812786,-1.208270592,0.374539768,0.205436219,0.137812786,-1.208270592,m20,eh
-0.313495994,0.405226862,0.018753006,-0.628601835,-0.313495994,0.405226862,0.018753006,-0.628601835,m20,ih
-1.515747955,1.571038199,1.826019413,0.478038521,-1.515747955,1.571038199,1.826019413,0.478038521,m20,iy
0.671481517,-0.916465086,-0.59180997,-1.471756391,0.671481517,-0.916465086,-0.59180997,-1.471756391,m20,uh
-1.102926499,-1.682695136,-1.400805912,1.031358699,-1.102926499,-1.682695136,-1.400805912,1.031358699,m20,uw
0.198303377,0.663284727,0.136197913,1.895733349,0.198303377,0.663284727,0.136197913,1.895733349,m21,ae
1.613914611,-0.655269201,-0.288554901,0.754749913,1.613914611,-0.655269201,-0.288554901,0.754749913,m21,ah
0.569385933,0.166722928,-0.537866335,-0.931921254,0.569385933,0.166722928,-0.537866335,-0.931921254,m21,eh
-0.289601466,0.663284727,-0.253928313,-0.75829334,-0.289601466,0.663284727,-0.253928313,-0.75829334,m21,ih
-1.533415221,1.566634439,2.347682674,-0.559861438,-1.533415221,1.566634439,2.347682674,-0.559861438,m21,iy
0.569385933,-0.803957197,-0.547100092,-0.907117266,0.569385933,-0.803957197,-0.547100092,-0.907117266,m21,uh
-1.127973168,-1.600700422,-0.856430946,0.506710035,-1.127973168,-1.600700422,-0.856430946,0.506710035,m21,uw
0.476294445,0.771800469,0.963489497,0.224881366,0.476294445,0.771800469,0.963489497,0.224881366,m22,ae
1.66112608,-0.688765384,-0.970647666,1.397792017,1.66112608,-0.688765384,-0.970647666,1.397792017,m22,ah
0.434963109,0.212910474,0.282031844,-1.78141317,0.434963109,0.212910474,0.282031844,-1.78141317,m22,eh
-0.515657622,0.66002247,0.833210828,-0.670234658,-0.515657622,0.66002247,0.833210828,-0.670234658,m22,ih
-1.31473012,1.509535262,1.073725294,0.286613505,-1.31473012,1.509535262,1.073725294,0.286613505,m22,iy
0.510737225,-0.976904226,-0.44953299,-0.485038239,0.510737225,-0.976904226,-0.44953299,-0.485038239,m22,uh
-1.252733116,-1.488599065,-1.732276807,1.02739918,-1.252733116,-1.488599065,-1.732276807,1.02739918,m22,uw
0.576834945,0.714761195,-0.782650443,1.144233279,0.576834945,0.714761195,-0.782650443,1.144233279,m23,ae
1.520461677,-0.61403604,0.662755056,1.280567457,1.520461677,-0.61403604,0.662755056,1.280567457,m23,ah
0.591464817,0.149796384,-0.263936373,-0.457693311,0.591464817,0.149796384,-0.263936373,-0.457693311,m23,eh
-0.732538581,0.825494297,0.179010474,-1.139364201,-0.732538581,0.825494297,0.179010474,-1.139364201,m23,ih
-1.383567876,1.451475307,1.781778667,0.837481378,-1.383567876,1.451475307,1.781778667,0.837481378,m23,iy
0.547575202,-1.032109999,0.056617266,-1.309781923,0.547575202,-1.032109999,0.056617266,-1.309781923,m23,uh
-1.120230184,-1.495381144,-1.633574647,-0.355442678,-1.120230184,-1.495381144,-1.633574647,-0.355442678,m23,uw
0.384938919,0.348161496,-0.485154547,1.242285675,0.384938919,0.348161496,-0.485154547,1.242285675,m24,ae
1.768442506,-0.796970552,-1.185250981,0.922187526,1.768442506,-0.796970552,-1.185250981,0.922187526,m24,ah
0.348721547,0.414144942,0.865908748,-1.878671282,0.348721547,0.414144942,0.865908748,-1.878671282,m24,eh
-0.419086726,0.573782309,0.491295743,-0.571603838,-0.419086726,0.573782309,0.491295743,-0.571603838,m24,ih
-1.440416599,1.752970329,1.762523479,0.468715147,-1.440416599,1.752970329,1.762523479,0.468715147,m24,iy
0.435643239,-0.999177884,-0.399177791,-0.598278684,0.435643239,-0.999177884,-0.399177791,-0.598278684,m24,uh
-1.078242885,-1.29291064,-1.050144651,0.415365456,-1.078242885,-1.29291064,-1.050144651,0.415365456,m24,uw
0.389467921,0.520451405,0.381428113,1.67855186,0.389467921,0.520451405,0.381428113,1.67855186,m25,ae
1.557871684,-0.839880128,-0.345787713,0.621064188,1.557871684,-0.839880128,-0.345787713,0.621064188,m25,ah
0.461927069,0.260560183,-0.39886916,-0.92991773,0.461927069,0.260560183,-0.39886916,-0.92991773,m25,eh
-0.597787972,0.644543611,0.530056166,-1.258913895,-0.597787972,0.644543611,0.530056166,-1.258913895,m25,ih
-1.295207273,1.641963978,1.984487819,0.903060901,-1.295207273,1.641963978,1.984487819,0.903060901,m25,iy
0.751763662,-0.687691574,-1.221631592,-0.412923758,0.751763662,-0.687691574,-1.221631592,-0.412923758,m25,uh
-1.268035092,-1.539947475,-0.929683632,-0.600921566,-1.268035092,-1.539947475,-0.929683632,-0.600921566,m25,uw
0.309599398,0.654327918,-0.124609156,0.780551292,0.309599398,0.654327918,-0.124609156,0.780551292,m26,ae
1.35667152,-0.543922743,-0.236177819,1.209089256,1.35667152,-0.543922743,-0.236177819,1.209089256,m26,ah
0.764142335,0.028023332,-0.18546479,-1.076446553,0.764142335,0.028023332,-0.18546479,-1.076446553,m26,eh
-0.22611192,0.592879166,0.301380284,-1.433561523,-0.22611192,0.592879166,0.301380284,-1.433561523,m26,ih
-1.58974073,1.66586891,2.208190159,1.209089256,-1.58974073,1.66586891,2.208190159,1.209089256,m26,iy
0.618039248,-0.827532367,-0.976588036,-0.255082122,0.618039248,-0.827532367,-0.976588036,-0.255082122,m26,uh
-1.232599851,-1.569644217,-0.986730642,-0.433639607,-1.232599851,-1.569644217,-0.986730642,-0.433639607,m26,uw
0.687637201,0.465674182,-0.284600136,1.847716397,0.687637201,0.465674182,-0.284600136,1.847716397,m27,ae
1.255640093,-0.481374818,-0.382348313,0.115482275,1.255640093,-0.481374818,-0.382348313,0.115482275,m27,ah
0.629380494,0.278602775,-0.126341182,0.23096455,0.629380494,0.278602775,-0.126341182,0.23096455,m27,eh
-0.608574527,0.760311649,0.343781005,-0.808375924,-0.608574527,0.760311649,0.343781005,-0.808375924,m27,ih
-1.4387326,1.527304419,2.121866901,0.346446824,-1.4387326,1.527304419,2.121866901,0.346446824,m27,iy
0.731329731,-0.881239951,-0.228744034,-1.655245939,0.731329731,-0.881239951,-0.228744034,-1.655245939,m27,uh
-1.256680391,-1.669278255,-1.443614241,-0.076988183,-1.256680391,-1.669278255,-1.443614241,-0.076988183,m27,uw
0.538614315,0.46797661,-0.303551147,1.409714224,0.538614315,0.46797661,-0.303551147,1.409714224,m28,ae
1.488223509,-1.11188632,1.082586709,-0.6791324,1.488223509,-1.11188632,1.082586709,-0.6791324,m28,ah
0.5526826,0.403259333,0.252564041,-1.723555711,0.5526826,0.403259333,0.252564041,-1.723555711,m28,eh
-0.291414462,0.593604264,0.244263814,-0.463044818,-0.291414462,0.593604264,0.244263814,-0.463044818,m28,ih
-1.452047921,1.610046197,0.783778548,0.761451478,-1.452047921,1.610046197,0.783778548,0.761451478,m28,iy
0.48937532,-0.47613425,0.169561774,-0.174928042,0.48937532,-0.47613425,0.169561774,-0.174928042,m28,uh
-1.325433361,-1.486865835,-2.229203738,0.869495269,-1.325433361,-1.486865835,-2.229203738,0.869495269,m28,uw
0.20531011,0.711528708,-0.320414201,1.730382797,0.20531011,0.711528708,-0.320414201,1.730382797,m29,ae
1.825949486,-0.508701451,-0.521974951,1.114483836,1.825949486,-0.508701451,-0.521974951,1.114483836,m29,ah
0.388778718,0.291619863,-0.028794393,-0.14664261,0.388778718,0.291619863,-0.028794393,-0.14664261,m29,eh
-0.620298629,0.674111088,0.112726985,-1.085155314,-0.620298629,0.674111088,0.112726985,-1.085155314,m29,ih
-1.360288684,1.409990945,2.321318181,-0.615898962,-1.360288684,1.409990945,2.321318181,-0.615898962,m29,iy
0.535553605,-0.8516963,-0.809306233,-1.085155314,0.535553605,-0.8516963,-0.809306233,-1.085155314,m29,uh
-0.975004606,-1.726852853,-0.753555387,0.087985566,-0.975004606,-1.726852853,-0.753555387,0.087985566,m29,uw
0.615102438,0.307001688,-0.505551177,1.085033833,0.615102438,0.307001688,-0.505551177,1.085033833,m30,ae
1.444849998,-0.574847893,-0.717705876,0.843915204,1.444849998,-0.574847893,-0.717705876,0.843915204,m30,ah
0.592676828,0.360627676,0.021888977,-1.024754176,0.592676828,0.360627676,0.021888977,-1.024754176,m30,eh
-0.446376422,0.801552466,0.09260721,-1.40652534,-0.446376422,0.801552466,0.09260721,-1.40652534,m30,ih
-1.41067764,1.5940254,2.320231547,0.683169451,-1.41067764,1.5940254,2.320231547,0.683169451,m30,iy
0.517924796,-0.956188252,-0.378847676,-0.984567738,0.517924796,-0.956188252,-0.378847676,-0.984567738,m30,uh
-1.313499998,-1.532171086,-0.832623004,0.803728765,-1.313499998,-1.532171086,-0.832623004,0.803728765,m30,uw
0.748001177,0.431451929,0.048361237,1.351948537,0.748001177,0.431451929,0.048361237,1.351948537,m31,ae
1.286428254,-0.639423039,-1.163571368,0.549378381,1.286428254,-0.639423039,-1.163571368,0.549378381,m31,ah
0.311016883,0.211848537,0.386889898,-0.7213577,0.311016883,0.211848537,0.386889898,-0.7213577,m31,eh
-0.297639813,0.764558198,0.745730278,-1.122642778,-0.297639813,0.764558198,0.745730278,-1.122642778,m31,ih
-1.624199277,1.62569959,1.788398552,1.151305998,-1.624199277,1.62569959,1.788398552,1.151305998,m31,iy
0.755804468,-0.831884439,-0.669319523,-1.323285317,0.755804468,-0.831884439,-0.669319523,-1.323285317,m31,uh
-1.179411692,-1.562250777,-1.136489075,0.114652879,-1.179411692,-1.562250777,-1.136489075,0.114652879,m31,uw
0.809839587,0.533221775,-0.596468622,0.96359189,0.809839587,0.533221775,-0.596468622,0.96359189,m32,ae
1.2095254,-0.686881384,-0.202783489,1.265050806,1.2095254,-0.686881384,-0.202783489,1.265050806,m32,ah
0.450122356,0.316492925,-0.041982519,-0.619067416,0.450122356,0.316492925,-0.041982519,-0.619067416,m32,eh
-0.688982211,0.717842648,-0.15287974,-1.071255789,-0.688982211,0.717842648,-0.15287974,-1.071255789,m32,ih
-1.508338127,1.550643324,2.364487169,0.850544797,-1.508338127,1.550643324,2.364487169,0.850544797,m32,iy
0.836485308,-0.849428022,-0.52993029,-1.485761797,0.836485308,-0.849428022,-0.52993029,-1.485761797,m32,uh
-1.108652314,-1.581891267,-0.840442508,0.096897509,-1.108652314,-1.581891267,-0.840442508,0.096897509,m32,uw
0.26504134,0.566894643,-0.100102174,1.974422078,0.26504134,0.566894643,-0.100102174,1.974422078,m33,ae
1.896643347,-0.510676119,-0.597806441,0.658140693,1.896643347,-0.510676119,-0.597806441,0.658140693,m33,ah
0.297936542,0.165123517,-0.139394616,-0.916695965,0.297936542,0.165123517,-0.139394616,-0.916695965,m33,eh
-0.366546534,0.573075737,0.207688623,-0.940200989,-0.366546534,0.573075737,0.207688623,-0.940200989,m33,ih
-1.359981627,1.673310511,2.18540821,0.235050247,-1.359981627,1.673310511,2.18540821,0.235050247,m33,iy
0.337410784,-0.904205785,-0.237625722,-0.940200989,0.337410784,-0.904205785,-0.237625722,-0.940200989,m33,uh
-1.070503851,-1.563522504,-1.31816788,-0.070515074,-1.070503851,-1.563522504,-1.31816788,-0.070515074,m33,uw
0.570301009,0.506164002,-0.64612549,1.475876363,0.570301009,0.506164002,-0.64612549,1.475876363,m34,ae
1.646434217,-0.443235505,-1.405372847,1.006279338,1.646434217,-0.443235505,-1.405372847,1.006279338,m34,ah
0.344660175,0.328322596,0.22025493,-0.789238697,0.344660175,0.328322596,0.22025493,-0.789238697,m34,eh
-0.705437552,0.744197884,0.509048403,-1.148342304,-0.705437552,0.744197884,0.509048403,-1.148342304,m34,ih
-1.312932105,1.499339855,1.673538215,-0.374888381,-1.312932105,1.499339855,1.673538215,-0.374888381,m34,iy
0.587657996,-1.028744134,0.672076977,-1.010225532,0.587657996,-1.028744134,0.672076977,-1.010225532,m34,uh
-1.130683739,-1.606044699,-1.023420189,0.840539212,-1.130683739,-1.606044699,-1.023420189,0.840539212,m34,uw
0.86371511,0.253430136,-0.557669463,2.063450239,0.86371511,0.253430136,-0.557669463,2.063450239,m35,ae
1.667171026,-0.879881802,-0.496674366,0.333793421,1.667171026,-0.879881802,-0.496674366,0.333793421,m35,ah
0.174082115,0.49520335,-0.020912605,-0.42482799,0.174082115,0.49520335,-0.020912605,-0.42482799,m35,eh
-0.555723675,0.721865737,-0.002614076,-0.971035406,-0.555723675,0.721865737,-0.002614076,-0.971035406,m35,ih
-1.332397728,1.619448792,2.211507965,0.303448565,-1.332397728,1.619448792,2.211507965,0.303448565,m35,iy
0.307991435,-0.698551892,0.1071771,-1.183449402,0.307991435,-0.698551892,0.1071771,-1.183449402,m35,uh
-1.124838283,-1.511514322,-1.240814556,-0.121379426,-1.124838283,-1.511514322,-1.240814556,-0.121379426,m35,uw
0.672818451,0.472151555,-0.148317337,1.219242218,0.672818451,0.472151555,-0.148317337,1.219242218,m36,ae
1.500731038,-0.548529012,-0.671753938,0.742147437,1.500731038,-0.548529012,-0.671753938,0.742147437,m36,ah
0.368209102,0.409252472,0.36646742,-0.185536859,0.368209102,0.409252472,0.36646742,-0.185536859,m36,eh
-0.514376958,0.74376123,0.4789414,-1.32526328,-0.514376958,0.74376123,0.4789414,-1.32526328,m36,ih
-1.404773514,1.421355892,1.902169845,-0.132526328,-1.404773514,1.421355892,1.902169845,-0.132526328,m36,iy
0.618144978,-0.694340522,-0.37759122,-1.404779077,0.618144978,-0.694340522,-0.37759122,-1.404779077,m36,uh
-1.240753096,-1.803651615,-1.54991617,1.08671589,-1.240753096,-1.803651615,-1.54991617,1.08671589,m36,uw
0.819415354,0.476776957,-0.387074243,0.915417297,0.819415354,0.476776957,-0.387074243,0.915417297,m37,ae
1.558670511,-0.549569965,-0.418065482,1.342612035,1.558670511,-0.549569965,-0.418065482,1.342612035,m37,ah
0.374080923,0.392254269,0.060085054,-1.505352888,0.374080923,0.392254269,0.060085054,-1.505352888,m37,eh
-0.7837886,0.727930086,0.179622688,-1.220556395,-0.7837886,0.727930086,0.179622688,-1.220556395,m37,ih
-1.166776211,1.488634275,2.149779988,0.488222558,-1.166776211,1.488634275,2.149779988,0.488222558,m37,iy
0.45424112,-0.846606839,-0.174562894,-0.437366042,0.45424112,-0.846606839,-0.174562894,-0.437366042,m37,uh
-1.255843098,-1.689418782,-1.409785111,0.417023435,-1.255843098,-1.689418782,-1.409785111,0.417023435,m37,uw
0.41673136,0.736374469,-1.011040025,1.4855152,0.41673136,0.736374469,-1.011040025,1.4855152,m38,ae
1.38665523,-0.799201461,0.474535159,0.608524299,1.38665523,-0.799201461,0.474535159,0.608524299,m38,ah
0.681256052,0.208136349,0.171477821,-0.811365732,0.681256052,0.208136349,0.171477821,-0.811365732,m38,eh
-0.567888327,0.827280564,0.183362423,-1.479549276,-0.567888327,0.827280564,0.183362423,-1.479549276,m38,ih
-1.545160105,1.439054014,1.823437426,0.399716941,-1.545160105,1.439054014,1.823437426,0.399716941,m38,iy
0.725343501,-0.968729044,-0.107810313,-0.936650146,0.725343501,-0.968729044,-0.107810313,-0.936650146,m38,uh
-1.096937711,-1.442914891,-1.53396249,0.733808713,-1.096937711,-1.442914891,-1.53396249,0.733808713,m38,uw
0.309546976,0.477956842,-0.455373614,1.584020992,0.309546976,0.477956842,-0.455373614,1.584020992,m39,ae
2.012445199,-0.189432208,-0.558915643,1.083803836,2.012445199,-0.189432208,-0.558915643,1.083803836,m39,ah
0.304088968,0.355419836,0.114107541,-0.70864097,0.304088968,0.355419836,0.114107541,-0.70864097,m39,eh
-0.78205445,0.775546714,0.269420584,-1.396439558,-0.78205445,0.775546714,0.269420584,-1.396439558,m39,ih
-1.169572956,1.37729094,2.199739826,0,-1.169572956,1.37729094,2.199739826,0,m39,iy
0.189470819,-1.082201824,-0.381415023,-0.875380022,0.189470819,-1.082201824,-0.381415023,-0.875380022,m39,uh
-0.863924556,-1.714580301,-1.187563671,0.312635722,-0.863924556,-1.714580301,-1.187563671,0.312635722,m39,uw
0.723409398,0.420667631,0.097329715,1.773059047,0.723409398,0.420667631,0.097329715,1.773059047,m40,ae
1.151628921,-0.531792612,-1.265286297,1.097366058,1.151628921,-0.531792612,-1.265286297,1.097366058,m40,ah
0.716612263,0.436186332,0.199525916,-0.680773388,0.716612263,0.436186332,0.199525916,-0.680773388,m40,eh
-0.574843441,0.729101804,0.22791375,-1.036401277,-0.574843441,0.729101804,0.22791375,-1.036401277,m40,ih
-1.38370254,1.522495366,1.948216464,0.279421913,-1.38370254,1.522495366,1.948216464,0.279421913,m40,iy
0.730206534,-0.987654439,0.017843781,-0.787461755,0.730206534,-0.987654439,0.017843781,-0.787461755,m40,uh
-1.363311135,-1.589004083,-1.22554333,-0.645210599,-1.363311135,-1.589004083,-1.22554333,-0.645210599,m40,uw
0.65509097,0.138105517,-0.460959971,1.549395096,0.65509097,0.138105517,-0.460959971,1.549395096,m41,ae
1.58853087,-0.682960158,0.34053788,0.589092927,1.58853087,-0.682960158,0.34053788,0.589092927,m41,ah
0.174777235,0.048053152,-0.15003408,-0.823116145,0.174777235,0.048053152,-0.15003408,-0.823116145,m41,eh
-0.831162851,0.691662697,0.354356808,-0.992581233,-0.831162851,0.691662697,0.354356808,-0.992581233,m41,ih
-1.365851726,1.92061261,1.722430725,1.04099983,-1.365851726,1.92061261,1.722430725,1.04099983,m41,iy
0.73665368,-0.825984501,0.077978239,-1.218534685,0.73665368,-0.825984501,0.077978239,-1.218534685,m41,uh
-0.958038177,-1.289489318,-1.884309602,-0.14525579,-0.958038177,-1.289489318,-1.884309602,-0.14525579,m41,uw
0.44295215,0.562222745,0.524628363,1.632059938,0.44295215,0.562222745,0.524628363,1.632059938,m42,ae
1.785915355,-0.768922284,-0.806009435,0.726728576,1.785915355,-0.768922284,-0.806009435,0.726728576,m42,ah
0.284956478,0.368464395,0.3588042,-1.105489656,0.284956478,0.368464395,0.3588042,-1.105489656,m42,eh
-0.531354489,0.637713012,0.055467316,-1.450377794,-0.531354489,0.637713012,0.055467316,-1.450377794,m42,ih
-1.48591167,1.568759629,1.903800063,0.597395524,-1.48591167,1.568759629,1.903800063,0.597395524,m42,iy
0.429785844,-0.806667417,-1.368193794,-0.351046855,0.429785844,-0.806667417,-1.368193794,-0.351046855,m42,uh
-0.926343667,-1.56157008,-0.668496714,-0.049269734,-0.926343667,-1.56157008,-0.668496714,-0.049269734,m42,uw
0.530182865,0.385292712,-0.035342582,0.92040165,0.530182865,0.385292712,-0.035342582,0.92040165,m44,ae
1.66668212,-0.697545663,0.306803689,1.180192438,1.66668212,-0.697545663,0.306803689,1.180192438,m44,ah
0.305451374,0.186586288,-0.17220109,-1.054008341,0.305451374,0.186586288,-0.17220109,-1.054008341,m44,eh
-0.599895491,0.657676798,0.475244931,-0.950092026,-0.599895491,0.657676798,0.475244931,-0.950092026,m44,ih
-1.421770658,1.771772362,1.606959521,1.310087832,-1.421770658,1.771772362,1.606959521,1.310087832,m44,iy
0.581550063,-0.923043963,-0.17220109,-0.84617571,0.581550063,-0.923043963,-0.17220109,-0.84617571,m44,uh
-1.062200272,-1.380738534,-2.009263378,-0.560405843,-1.062200272,-1.380738534,-2.009263378,-0.560405843,m44,uw
0.194296866,0.745504025,0.476588664,1.345912171,0.194296866,0.745504025,0.476588664,1.345912171,m45,ae
1.894394444,-0.945066522,0.544387888,1.405541192,1.894394444,-0.945066522,0.544387888,1.405541192,m45,ah
0.379762056,0.601594752,0.521455798,-1.128692169,0.379762056,0.601594752,0.521455798,-1.128692169,m45,eh
-0.485742165,0.831268137,0.561337694,-0.413143926,-0.485742165,0.831268137,0.561337694,-0.413143926,m45,ih
-1.196692061,1.204850794,-2.40188722,-0.114998825,-1.196692061,1.204850794,-2.40188722,-0.114998825,m45,iy
0.398308575,-1.026469747,0.343981358,-1.30757923,0.398308575,-1.026469747,0.343981358,-1.30757923,m45,uh
-1.184327715,-1.411681437,-0.045864181,0.212960787,-1.184327715,-1.411681437,-0.045864181,0.212960787,m45,uw
0.645672656,0.674789082,0.078437423,1.271764014,0.645672656,0.674789082,0.078437423,1.271764014,m47,ae
1.53153554,-0.830669944,-0.616209153,1.520587408,1.53153554,-0.830669944,-0.616209153,1.520587408,m47,ah
0.284095969,0.292589213,0.057639622,-1.02294062,0.284095969,0.292589213,0.057639622,-1.02294062,m47,eh
-0.529451578,0.6602013,-0.000594223,-0.055294088,-0.529451578,0.6602013,-0.000594223,-0.055294088,m47,ih
-1.578023971,1.582149076,2.174855833,-0.497646788,-1.578023971,1.582149076,2.174855833,-0.497646788,m47,iy
0.636633239,-1.186611807,-0.374954653,-1.327058102,0.636633239,-1.186611807,-0.374954653,-1.327058102,m47,uh
-0.990461854,-1.192446919,-1.31917485,0.110588175,-0.990461854,-1.192446919,-1.31917485,0.110588175,m47,uw
0.529252663,0.386543446,0.256701791,1.972750827,0.529252663,0.386543446,0.256701791,1.972750827,m48,ae
1.419822048,-0.692121711,0.549115766,0.00738858,1.419822048,-0.692121711,0.549115766,0.00738858,m48,ah
0.511441275,0.388574831,0.412655911,-0.458091952,0.511441275,0.388574831,0.412655911,-0.458091952,m48,eh
-0.664110313,0.419045598,0.484899363,-1.285612898,-0.664110313,0.419045598,0.484899363,-1.285612898,m48,ih
-1.349848739,1.792261505,-2.440387101,0.472869112,-1.349848739,1.792261505,-2.440387101,0.472869112,m48,iy
0.796423479,-0.830255856,0.362200166,-0.975292543,0.796423479,-0.830255856,0.362200166,-0.975292543,m48,uh
-1.242980413,-1.464047813,0.374814103,0.265988875,-1.242980413,-1.464047813,0.374814103,0.265988875,m48,uw
0.490965529,0.382437827,-0.003989763,1.194092506,0.490965529,0.382437827,-0.003989763,1.194092506,m49,ae
1.778065359,-0.805543889,-0.618413244,1.270080211,1.778065359,-0.805543889,-0.618413244,1.270080211,m49,ah
0.140550916,0.360539547,0.155600752,-0.59161856,0.140550916,0.360539547,0.155600752,-0.59161856,m49,eh
-0.735485617,0.893397705,0.303221978,-0.496633929,-0.735485617,0.893397705,0.303221978,-0.496633929,m49,ih
-1.166765141,1.482826421,2.0627074,0.814153982,-1.166765141,1.482826421,2.0627074,0.814153982,m49,iy
0.625740381,-0.708826484,-0.478771544,-0.705600117,0.625740381,-0.708826484,-0.478771544,-0.705600117,m49,uh
-1.133071428,-1.604831127,-1.420355579,-1.484474093,-1.133071428,-1.604831127,-1.420355579,-1.484474093,m49,uw
0.620835694,0.517031267,-0.402858946,1.829778813,0.620835694,0.517031267,-0.402858946,1.829778813,m50,ae
1.43226906,-0.081751955,-0.303103397,0.793410315,1.43226906,-0.081751955,-0.303103397,0.793410315,m50,ah
0.347757157,0.491907495,0.072898285,-1.119885373,0.347757157,0.491907495,0.072898285,-1.119885373,m50,eh
-0.299829087,0.529593152,-0.356817923,-0.588414348,-0.299829087,0.529593152,-0.356817923,-0.588414348,m50,ih
-1.532583624,1.154895911,2.374949404,0.208792188,-1.532583624,1.154895911,2.374949404,0.208792188,m50,iy
0.675451401,-0.451629703,-0.775023877,-1.173032475,0.675451401,-0.451629703,-0.775023877,-1.173032475,m50,uh
-1.2439006,-2.160046167,-0.610043546,0.049350881,-1.2439006,-2.160046167,-0.610043546,0.049350881,m50,uw
0.28520292,0.432619526,-0.540251611,1.488078153,0.28520292,0.432619526,-0.540251611,1.488078153,w01,ae
2.079912486,-0.471823083,-0.979681618,0.479211609,2.079912486,-0.471823083,-0.979681618,0.479211609,w01,ah
0.135212783,0.11181296,-0.260614333,-0.731428245,0.135212783,0.11181296,-0.260614333,-0.731428245,w01,eh
-0.821620847,0.623943924,0.638219773,-1.765516453,-0.821620847,0.623943924,0.638219773,-1.765516453,w01,ih
-1.111256973,1.698452665,2.076354343,-0.353103291,-1.111256973,1.698452665,2.076354343,-0.353103291,w01,iy
0.217965962,-0.730787419,0.045655066,0,0.217965962,-0.730787419,0.045655066,0,w01,uh
-0.785416331,-1.664218573,-0.979681618,0.882758227,-0.785416331,-1.664218573,-0.979681618,0.882758227,w01,uw
0.700614353,0.349972588,-0.176242443,1.681504323,0.700614353,0.349972588,-0.176242443,1.681504323,w02,ae
1.444557249,-0.776302832,-0.116354234,0.762932996,1.444557249,-0.776302832,-0.116354234,0.762932996,w02,ah
0.408759833,0.190894139,-0.232138104,0.527949633,0.408759833,0.190894139,-0.232138104,0.527949633,w02,eh
-1.056235408,0.733881912,-0.26807103,-1.095571782,-1.056235408,0.733881912,-0.26807103,-1.095571782,w02,ih
-1.130629698,1.722289343,2.339062323,-0.582880809,-1.130629698,1.722289343,2.339062323,-0.582880809,w02,iy
0.763563368,-0.744487142,-0.487661128,-1.330555145,0.763563368,-0.744487142,-0.487661128,-1.330555145,w02,uh
-1.130629698,-1.476248008,-1.058595385,0.036620784,-1.130629698,-1.476248008,-1.058595385,0.036620784,w02,uw
0.605384487,0.382729471,-1.565181088,1.225771337,0.605384487,0.382729471,-1.565181088,1.225771337,w03,ae
1.633718181,-0.422418062,-0.616312645,0.306442834,1.633718181,-0.422418062,-0.616312645,0.306442834,w03,ah
0.17491922,0.490672327,0.965134758,-1.098086823,0.17491922,0.490672327,0.965134758,-1.098086823,w03,eh
-0.537739945,0.621619398,0.516003696,-1.225771337,-0.537739945,0.621619398,0.516003696,-1.225771337,w03,ih
-1.398670479,1.495779576,1.547107403,1.123623726,-1.398670479,1.495779576,1.547107403,1.123623726,w03,iy
0.648431014,-0.77809862,-0.091272107,-0.995939212,0.648431014,-0.77809862,-0.091272107,-0.995939212,w03,uh
-1.126042477,-1.79028409,-0.755480017,0.663959474,-1.126042477,-1.79028409,-0.755480017,0.663959474,w03,uw
1.137510998,0.020718552,-0.510359305,-0.11918887,1.137510998,0.020718552,-0.510359305,-0.11918887,w04,ae
1.045458085,-0.983334375,-1.099804389,-0.208580523,1.045458085,-0.983334375,-1.099804389,-0.208580523,w04,ah
0.407662901,0.118892616,0.007396512,-1.251483138,0.407662901,0.118892616,0.007396512,-1.251483138,w04,eh
-0.539167063,0.781567548,0.09103399,-0.029797218,-0.539167063,0.781567548,0.09103399,-0.029797218,w04,ih
-1.387368905,1.888256997,2.150109046,0.208580523,-1.387368905,1.888256997,2.150109046,0.208580523,w04,iy
0.670671224,-0.617412863,0.270257157,-0.774727657,0.670671224,-0.617412863,0.270257157,-0.774727657,w04,uh
-1.334767241,-1.208688476,-0.908633011,2.175196883,-1.334767241,-1.208688476,-0.908633011,2.175196883,w04,uw
0.77785968,0.384808454,-0.172028947,0.855083841,0.77785968,0.384808454,-0.172028947,0.855083841,w05,ae
1.543184468,-0.683829839,-0.810521001,1.61027471,1.543184468,-0.683829839,-0.810521001,1.61027471,w05,ah
0.631619274,0.2850433,-0.019849494,-1.326578669,0.631619274,0.2850433,-0.019849494,-1.326578669,w05,eh
-0.499306527,0.624628538,0.496237347,-1.158758476,-0.499306527,0.624628538,0.496237347,-1.158758476,w05,ih
-1.557112125,1.672162664,2.150361838,-0.067927221,-1.557112125,1.672162664,2.150361838,-0.067927221,w05,iy
0.071031054,-0.635865822,-1.035481931,-0.487477704,0.071031054,-0.635865822,-1.035481931,-0.487477704,w05,uh
-0.967275824,-1.646947295,-0.608717813,0.575383519,-0.967275824,-1.646947295,-0.608717813,0.575383519,w05,uw
0.651494649,0.402051374,-0.554613459,1.461699823,0.651494649,0.402051374,-0.554613459,1.461699823,w06,ae
1.287076354,-0.782423507,-0.444006786,0.659674504,1.287076354,-0.782423507,-0.444006786,0.659674504,w06,ah
0.389399101,0.086716963,-0.438476452,-0.531211575,0.389399101,0.086716963,-0.438476452,-0.531211575,w06,eh
-0.744164147,0.681910663,0.540392601,-0.87146474,-0.744164147,0.681910663,0.540392601,-0.87146474,w06,ih
-1.268355244,1.795435302,2.166310689,0.732585897,-1.268355244,1.795435302,2.166310689,0.732585897,w06,iy
0.972561696,-0.821840308,-0.128777769,-1.673490059,0.972561696,-0.821840308,-0.128777769,-1.673490059,w06,uh
-1.28801241,-1.361850487,-1.140828824,0.222206149,-1.28801241,-1.361850487,-1.140828824,0.222206149,w06,uw
0.700845318,0.409358457,-0.514872508,0.480312684,0.700845318,0.409358457,-0.514872508,0.480312684,w07,ae
1.37161444,-1.078468466,-1.487720381,0.345825132,1.37161444,-1.078468466,-1.487720381,0.345825132,w07,ah
0.382597195,0.439080029,-0.423463983,-0.960625368,0.382597195,0.439080029,-0.423463983,-0.960625368,w07,eh
-0.518289801,0.671607621,0.157633069,-0.057637522,-0.518289801,0.671607621,0.157633069,-0.057637522,w07,ih
-1.335942672,1.655916149,1.763811436,-0.134487551,-1.335942672,1.655916149,1.763811436,-0.134487551,w07,iy
0.759598818,-0.844192547,-0.482226606,-1.517788081,0.759598818,-0.844192547,-0.482226606,-1.517788081,w07,uh
-1.360423297,-1.253301242,0.986838974,1.844400706,-1.360423297,-1.253301242,0.986838974,1.844400706,w07,uw
0.60129524,0.275987001,0.678893891,0.602847556,0.60129524,0.275987001,0.678893891,0.602847556,w08,ae
1.363750941,-0.860179748,-0.847346027,1.244588502,1.363750941,-0.860179748,-0.847346027,1.244588502,w08,ah
0.749118284,0.114285366,0.385215073,-1.050121549,0.749118284,0.114285366,0.385215073,-1.050121549,w08,eh
-1.118120168,0.837687416,0.411913148,-1.419608761,-1.118120168,0.837687416,0.411913148,-1.419608761,w08,ih
-1.157020969,1.763216509,0.950324314,0.855654595,-1.157020969,1.763216509,0.950324314,0.855654595,w08,iy
0.655756361,-0.853796789,0.505356408,-0.894547986,0.655756361,-0.853796789,0.505356408,-0.894547986,w08,uh
-1.094779688,-1.277199754,-2.084356807,0.661187642,-1.094779688,-1.277199754,-2.084356807,0.661187642,w08,uw
0.310581027,0.59998979,0.659111934,0.41967222,0.310581027,0.59998979,0.659111934,0.41967222,w09,ae
1.709004451,-0.732389062,-1.463349432,1.471443338,1.709004451,-0.732389062,-1.463349432,1.471443338,w09,ah
0.435136959,0.308253967,-0.71353402,-0.305687172,0.435136959,0.308253967,-0.71353402,-0.305687172,w09,eh
-0.895346866,0.601768667,0.955409959,-0.849706716,-0.895346866,0.601768667,0.955409959,-0.849706716,w09,ih
-1.319969363,1.613949663,1.227520391,0.165796432,-1.319969363,1.613949663,1.227520391,0.165796432,w09,iy
0.661602291,-0.894266866,0.465611183,-1.756405956,0.661602291,-0.894266866,0.465611183,-1.756405956,w09,uh
-0.901008499,-1.497306159,-1.130770015,0.854887855,-0.901008499,-1.497306159,-1.130770015,0.854887855,w09,uw
0.244014627,0.485156615,0.114009063,0.968612282,0.244014627,0.485156615,0.114009063,0.968612282,w10,ae
1.707008153,-0.651243858,-1.191432455,1.203150476,1.707008153,-0.651243858,-1.191432455,1.203150476,w10,ah
0.718913049,-0.083979701,0.769372415,-0.843728309,0.718913049,-0.083979701,0.769372415,-0.843728309,w10,eh
-0.95089108,0.580636721,0.034731238,-1.312804697,-0.95089108,0.580636721,0.034731238,-1.312804697,w10,ih
-1.073445512,1.838727524,1.720706315,0.286319354,-1.073445512,1.838727524,1.720706315,0.286319354,w10,iy
0.466144534,-0.722385897,-0.028691022,-1.163553119,0.466144534,-0.722385897,-0.028691022,-1.163553119,w10,uh
-1.111743772,-1.446911404,-1.418695553,0.862004012,-1.111743772,-1.446911404,-1.418695553,0.862004012,w10,uw
1.10221178,0.064631333,-1.298161597,0.600162397,1.10221178,0.064631333,-1.298161597,0.600162397,w11,ae
1.096665063,-1.268533332,-0.310164784,0.50336201,1.096665063,-1.268533332,-0.310164784,0.50336201,w11,ah
0.547540144,0.013767621,-0.041819971,-0.716322861,0.547540144,0.013767621,-0.041819971,-0.716322861,w11,eh
-0.506335965,0.527758818,0.421684707,-0.658242629,-0.506335965,0.527758818,0.421684707,-0.658242629,w11,ih
-1.44373103,2.037607957,2.141531011,1.529446108,-1.44373103,2.037607957,2.141531011,1.529446108,w11,iy
0.503166413,-0.615336187,-0.322362276,-1.703686804,0.503166413,-0.615336187,-0.322362276,-1.703686804,w11,uh
-1.299516405,-0.759896211,-0.590707089,0.445281778,-1.299516405,-0.759896211,-0.590707089,0.445281778,w11,uw
0.373305089,0.593709347,0.008446124,1.117632412,0.373305089,0.593709347,0.008446124,1.117632412,w12,ae
1.670518,-0.607851089,-1.182457389,0.882929605,1.670518,-0.607851089,-1.182457389,0.882929605,w12,ah
0.204916875,0.489596866,0.030969122,-1.24895422,0.204916875,0.489596866,0.030969122,-1.24895422,w12,eh
-0.886488219,0.679047446,0.650351564,-1.014251414,-0.886488219,0.679047446,0.650351564,-1.014251414,w12,ih
-1.241974449,1.312256142,2.004546813,1.195866681,-1.241974449,1.312256142,2.004546813,1.195866681,w12,iy
0.859759931,-0.595903755,-0.664428438,-0.975134279,0.859759931,-0.595903755,-0.664428438,-0.975134279,w12,uh
-0.980037227,-1.870854957,-0.847427796,0.041911215,-0.980037227,-1.870854957,-0.847427796,0.041911215,w12,uw
0.553566976,0.0405478,-0.33564843,0.749377787,0.553566976,0.0405478,-0.33564843,0.749377787,w13,ae
1.822195345,-0.690423503,-0.375471125,1.036248972,1.822195345,-0.690423503,-0.375471125,1.036248972,w13,ah
0.08882193,0.520733736,-0.129294465,-0.971849318,0.08882193,0.520733736,-0.129294465,-0.971849318,w13,eh
-0.514090563,0.588776278,-0.017066869,-1.217738905,-0.514090563,0.588776278,-0.017066869,-1.217738905,w13,ih
-1.26145084,1.792157227,2.361434101,1.179684564,-1.26145084,1.792157227,2.361434101,1.179684564,w13,iy
0.45308156,-0.845949313,-0.856963711,-1.176757307,0.45308156,-0.845949313,-0.856963711,-1.176757307,w13,uh
-1.142124409,-1.405842226,-0.646989501,0.401034207,-1.142124409,-1.405842226,-0.646989501,0.401034207,w13,uw
0.606864819,0.658996354,0.417175828,1.094828772,0.606864819,0.658996354,0.417175828,1.094828772,w14,ae
1.667597175,-0.544151592,-0.676456422,1.210363466,1.667597175,-0.544151592,-0.676456422,1.210363466,w14,ah
0.570994643,0.463008453,0.865099675,-0.099029738,0.570994643,0.463008453,0.865099675,-0.099029738,w14,eh
-0.848439476,0.642664029,-0.699725193,-1.331399813,-0.848439476,0.642664029,-0.699725193,-1.331399813,w14,ih
-1.202016928,1.430245038,1.755130176,0.671201559,-1.202016928,1.430245038,1.755130176,0.671201559,w14,iy
0.32502772,-1.121227078,-0.251801346,-1.446934507,0.32502772,-1.121227078,-0.251801346,-1.446934507,w14,uh
-1.120027953,-1.529535204,-1.409422717,-0.099029738,-1.120027953,-1.529535204,-1.409422717,-0.099029738,w14,uw
0.342375544,0.275086198,-0.714081281,1.690980599,0.342375544,0.275086198,-0.714081281,1.690980599,w15,ae
1.927931497,-0.310366311,-1.163014419,0.701827602,1.927931497,-0.310366311,-1.163014419,0.701827602,w15,ah
0.348473836,0.335531147,0.418302305,-1.325936041,0.348473836,0.335531147,0.418302305,-1.325936041,w15,eh
-1.060231646,0.539316976,0.733225551,-1.309450157,-1.060231646,0.539316976,0.733225551,-1.309450157,w15,ih
-1.127312859,1.686044013,1.872309632,0.38859582,-1.127312859,1.686044013,1.872309632,0.38859582,w15,iy
0.311884083,-0.819830883,-0.211544186,-0.155438328,0.311884083,-0.819830883,-0.211544186,-0.155438328,w15,uh
-0.743120455,-1.705781139,-0.935197603,0.009420505,-0.743120455,-1.705781139,-0.935197603,0.009420505,w15,uw
0.370491467,0.562570602,-0.427171525,2.072686207,0.370491467,0.562570602,-0.427171525,2.072686207,w16,ae
1.790363794,-0.432001891,-0.67859981,0.568724874,1.790363794,-0.432001891,-0.67859981,0.568724874,w16,ah
0.312537495,0.08085317,0.205888978,-0.964725897,0.312537495,0.08085317,0.205888978,-0.964725897,w16,eh
-0.397398669,0.518611597,-0.301457383,0.126383305,-0.397398669,0.518611597,-0.301457383,0.126383305,w16,ih
-1.266708257,1.729315866,2.325070238,-0.22748995,-1.266708257,1.729315866,2.325070238,-0.22748995,w16,iy
0.452592928,-0.908224447,-0.256559475,-1.053194211,0.452592928,-0.908224447,-0.256559475,-1.053194211,w16,uh
-1.261878759,-1.551124898,-0.867171024,-0.522384329,-1.261878759,-1.551124898,-0.867171024,-0.522384329,w16,uw
0.226995418,0.547311144,-0.804271323,1.788349101,0.226995418,0.547311144,-0.804271323,1.788349101,w17,ae
1.704969257,-0.426623371,-0.269588153,0.60216831,1.704969257,-0.426623371,-0.269588153,0.60216831,w17,ah
0.56581946,0.174707409,0.058410766,-1.071193878,0.56581946,0.174707409,0.058410766,-1.071193878,w17,eh
-0.491545224,0.610026624,-0.274081289,-0.75346688,-0.491545224,0.610026624,-0.274081289,-0.75346688,w17,ih
-1.286029185,1.602406868,2.336430658,0.030259714,-1.286029185,1.602406868,2.336430658,0.030259714,w17,iy
0.524926903,-0.804760825,-0.211177386,-1.177102877,0.524926903,-0.804760825,-0.211177386,-1.177102877,w17,uh
-1.245136629,-1.703067848,-0.835723274,0.58098651,-1.245136629,-1.703067848,-0.835723274,0.58098651,w17,uw
0.858368894,0.408087657,-0.020940683,1.906375553,0.858368894,0.408087657,-0.020940683,1.906375553,w19,ae
1.369362693,-0.511534459,-0.863803168,0.369126639,1.369362693,-0.511534459,-0.863803168,0.369126639,w19,ah
0.130055893,0.186660206,1.021439975,0.401834063,0.130055893,0.186660206,1.021439975,0.401834063,w19,eh
-1.103377415,0.727262362,0.296659674,-1.593318783,-1.103377415,0.727262362,0.296659674,-1.593318783,w19,ih
-1.109250907,1.599008272,1.391973724,-0.088777293,-1.109250907,1.599008272,1.391973724,-0.088777293,w19,iy
0.905356829,-0.68109602,-0.04129968,-0.612096072,0.905356829,-0.68109602,-0.04129968,-0.612096072,w19,uh
-1.050515987,-1.728388018,-1.784029842,-0.383144106,-1.050515987,-1.728388018,-1.784029842,-0.383144106,w19,uw
0.524953905,0.483805271,-1.084503297,0.566440869,0.524953905,0.483805271,-1.084503297,0.566440869,w20,ae
1.567340884,-0.966225868,0.10820159,2.050150499,1.567340884,-0.966225868,0.10820159,2.050150499,w20,ah
0.324899838,0.646642993,-0.379327415,-0.559131954,0.324899838,0.646642993,-0.379327415,-0.559131954,w20,eh
-0.55428514,0.766832739,-0.240033413,-1.147499567,-0.55428514,0.766832739,-0.240033413,-1.147499567,w20,ih
-1.259738954,1.33482622,2.249846863,0.054816858,-1.259738954,1.33482622,2.249846863,0.054816858,w20,iy
0.719743391,-0.644427513,0.082083965,-0.917268762,0.719743391,-0.644427513,0.082083965,-0.917268762,w20,uh
-1.322913923,-1.621453842,-0.736268294,-0.047507944,-1.322913923,-1.621453842,-0.736268294,-0.047507944,w20,uw
0.528386284,0.471004386,-0.16236322,0.781301066,0.528386284,0.471004386,-0.16236322,0.781301066,w21,ae
1.290592095,-0.787861883,0.116787579,1.320129388,1.290592095,-0.787861883,0.116787579,1.320129388,w21,ah
0.99373299,0.02021037,0.508927988,-1.939781958,0.99373299,0.02021037,0.508927988,-1.939781958,w21,eh
-0.996025338,0.753949567,0.688382074,-0.215531329,-0.996025338,0.753949567,0.688382074,-0.215531329,w21,ih
-1.413232729,1.70349441,0.980825769,0,-1.413232729,1.70349441,0.980825769,0,w21,iy
0.504316627,-0.660776335,0.156666265,-0.61965257,0.504316627,-0.660776335,0.156666265,-0.61965257,w21,uh
-0.907769928,-1.500020515,-2.289226455,0.673535402,-0.907769928,-1.500020515,-2.289226455,0.673535402,w21,uw
0.198661414,0.784231885,-0.61496908,1.002903647,0.198661414,0.784231885,-0.61496908,1.002903647,w22,ae
1.771105113,-0.677021742,0.126679024,1.192215796,1.771105113,-0.677021742,0.126679024,1.192215796,w22,ah
0.21831696,0.104117542,-1.566213386,-0.558921583,0.21831696,0.104117542,-1.566213386,-0.558921583,w22,eh
-0.705493713,0.856392558,1.432624597,-1.631690428,-0.705493713,0.856392558,1.432624597,-1.631690428,w22,ih
-1.039637999,1.361517268,1.045677761,0.466519225,-1.039637999,1.361517268,1.045677761,0.466519225,w22,iy
0.803069461,-0.779850701,0.465257506,-1.032201956,0.803069461,-0.779850701,0.465257506,-1.032201956,w22,uh
-1.246021235,-1.64938681,-0.889056422,0.561175299,-1.246021235,-1.64938681,-0.889056422,0.561175299,w22,uw
0.864780731,0.589313206,-0.402325424,1.17803469,0.864780731,0.589313206,-0.402325424,1.17803469,w23,ae
1.370837603,-0.607998747,0.006112679,0.518335264,1.370837603,-0.607998747,0.006112679,0.518335264,w23,ah
0.685418801,0.206978297,0.317303615,-0.123039179,0.685418801,0.206978297,0.317303615,-0.123039179,w23,eh
-0.576520487,0.595350073,0.426220443,-1.350813111,-0.576520487,0.595350073,0.426220443,-1.350813111,w23,ih
-1.293968204,1.595457705,1.865478522,0.115185614,-1.293968204,1.595457705,1.865478522,0.115185614,w23,iy
0.294666027,-0.684465729,-0.546251232,-1.479088,0.294666027,-0.684465729,-0.546251232,-1.479088,w23,uh
-1.34521447,-1.694634805,-1.666538602,1.141384722,-1.34521447,-1.694634805,-1.666538602,1.141384722,w23,uw
0.147604069,0.333425744,0.042755827,1.008120171,0.147604069,0.333425744,0.042755827,1.008120171,w24,ae
1.628050849,-0.491414574,-1.043954773,0.309916802,1.628050849,-0.491414574,-1.043954773,0.309916802,w24,ah
1.093445067,0.161096023,-0.138956437,-1.485463291,1.093445067,0.161096023,-0.138956437,-1.485463291,w24,eh
-1.0501185,0.826991452,0.787419812,-0.812195756,-1.0501185,0.826991452,0.787419812,-0.812195756,w24,ih
-1.034697179,1.628408312,1.952516094,1.082927675,-1.034697179,1.628408312,1.952516094,1.082927675,w24,iy
0.17844671,-0.866189891,-0.502380966,-1.011682433,0.17844671,-0.866189891,-0.502380966,-1.011682433,w24,uh
-0.962731016,-1.592317067,-1.097399557,0.908376832,-0.962731016,-1.592317067,-1.097399557,0.908376832,w24,uw
0.543004154,0.152050796,0.525626648,1.589626531,0.543004154,0.152050796,0.525626648,1.589626531,w25,ae
1.568000758,-0.644841931,0.232213149,1.025061953,1.568000758,-0.644841931,0.232213149,1.025061953,w25,ah
0.53766563,0.084269116,0.460944439,0.223744487,0.53766563,0.084269116,0.460944439,0.223744487,w25,eh
-0.476653927,0.610035122,0.594995974,-1.306043402,-0.476653927,0.610035122,0.594995974,-1.306043402,w25,ih
-1.266755476,1.951013229,-2.431006509,-0.504725936,-1.266755476,1.951013229,-2.431006509,-0.504725936,w25,iy
0.473603342,-0.904977028,0.347516217,-1.178561078,0.473603342,-0.904977028,0.347516217,-1.178561078,w25,uh
-1.37886448,-1.247549304,0.269710081,0.150897445,-1.37886448,-1.247549304,0.269710081,0.150897445,w25,uw
1.09110284,0.291667284,0.171131269,0.985332694,1.09110284,0.291667284,0.171131269,0.985332694,w26,ae
1.295850814,-0.819214053,-0.178037912,0.804190724,1.295850814,-0.819214053,-0.178037912,0.804190724,w26,ah
0.104589874,0.454697651,0.063694598,-1.28590893,0.104589874,0.454697651,0.063694598,-1.28590893,w26,eh
-0.788855831,0.852795059,0.031463596,-0.92362499,-0.788855831,0.852795059,0.031463596,-0.92362499,w26,ih
-1.204556263,1.491646613,1.981439175,0.845992717,-1.204556263,1.491646613,1.981439175,0.845992717,w26,iy
0.731242765,-0.633435263,-0.376795753,-1.23017294,0.731242765,-0.633435263,-0.376795753,-1.23017294,w26,uh
-1.229374199,-1.638157292,-1.692894973,0.804190724,-1.229374199,-1.638157292,-1.692894973,0.804190724,w26,uw
0.323179251,0.92831545,0.516414758,1.068781829,0.323179251,0.92831545,0.516414758,1.068781829,w27,ae
1.571107827,-0.216743255,-0.61146753,1.4491957,1.571107827,-0.216743255,-0.61146753,1.4491957,w27,ah
0.409243291,0.021214257,-1.646035816,-0.072459785,0.409243291,0.021214257,-1.646035816,-0.072459785,w27,eh
-1.072287678,0.481026893,1.019498944,-1.308804867,-1.072287678,0.481026893,1.019498944,-1.308804867,w27,ih
-1.084582541,1.402441319,1.157441382,0.371356398,-1.084582541,1.402441319,1.157441382,0.371356398,w27,iy
0.907185235,-0.823266537,0.548871802,-1.372207179,0.907185235,-0.823266537,0.548871802,-1.372207179,w27,uh
-1.053845384,-1.792988127,-0.984723539,-0.135862097,-1.053845384,-1.792988127,-0.984723539,-0.135862097,w27,uw
0.756861424,0.242920662,0.389350216,1.909610415,0.756861424,0.242920662,0.389350216,1.909610415,w28,ae
1.712896907,-0.586701554,0.458920209,0.476212074,1.712896907,-0.586701554,0.458920209,0.476212074,w28,ah
0.286810645,0.184865834,0.436356968,-0.857181732,0.286810645,0.184865834,0.436356968,-0.857181732,w28,eh
-0.70905965,0.456412609,0.494645341,-1.190530184,-0.70905965,0.456412609,0.494645341,-1.190530184,w28,ih
-1.242846128,1.819764692,-2.434815474,0.642886299,-1.242846128,1.819764692,-2.434815474,0.642886299,w28,iy
0.318678494,-0.425646225,0.500286152,-0.290489365,0.318678494,-0.425646225,0.500286152,-0.290489365,w28,uh
-1.123341692,-1.691616017,0.155256588,-0.690507507,-1.123341692,-1.691616017,0.155256588,-0.690507507,w28,uw
0.140686914,0.726176275,0.036304156,1.491838525,0.140686914,0.726176275,0.036304156,1.491838525,w29,ae
1.693842446,-0.803864896,-0.770929426,0.895103115,1.693842446,-0.803864896,-0.770929426,0.895103115,w29,ah
0.209280534,0.297764747,-0.169241432,-1.292926721,0.209280534,0.297764747,-0.169241432,-1.292926721,w29,eh
-0.956811002,0.729673512,-0.38973579,-0.775756033,-0.956811002,0.729673512,-0.38973579,-0.775756033,w29,ih
-1.06950052,1.420377812,2.364575088,0.517170689,-1.06950052,1.420377812,2.364575088,0.517170689,w29,iy
0.993207616,-0.749657723,-0.363575442,-1.153688459,0.993207616,-0.749657723,-0.363575442,-1.153688459,w29,uh
-1.010705989,-1.620469727,-0.707397153,0.318258885,-1.010705989,-1.620469727,-0.707397153,0.318258885,w29,uw
1.184089777,0.413173322,-0.204238555,1.167900101,1.184089777,0.413173322,-0.204238555,1.167900101,w30,ae
1.079449285,-0.559535202,-1.079624661,0.770814067,1.079449285,-0.559535202,-1.079624661,0.770814067,w30,ah
0.545232037,0.156043405,-0.039864745,-0.910962079,0.545232037,0.156043405,-0.039864745,-0.910962079,w30,eh
-0.831616541,0.702195322,0.4953058,-1.214616105,-0.831616541,0.702195322,0.4953058,-1.214616105,w30,ih
-1.398878156,1.66892408,2.142866549,1.074468093,-1.398878156,1.66892408,2.142866549,1.074468093,w30,iy
0.52320246,-0.754874209,-0.4450653,-1.214616105,0.52320246,-0.754874209,-0.4450653,-1.214616105,w30,uh
-1.101478863,-1.625926719,-0.869379089,0.327012028,-1.101478863,-1.625926719,-0.869379089,0.327012028,w30,uw
0.819233011,0.685244579,0.678586415,1.624024208,0.819233011,0.685244579,0.678586415,1.624024208,w31,ae
1.320843768,-0.67356842,0.092957043,0.643319449,1.320843768,-0.67356842,0.092957043,0.643319449,w31,ah
0.23627997,0.34043301,-0.752952049,-0.697644202,0.23627997,0.34043301,-0.752952049,-0.697644202,w31,eh
-0.705934829,0.654594661,0.491510365,-0.437457225,-0.705934829,0.654594661,0.491510365,-0.437457225,w31,ih
-1.309223441,1.364651078,1.646501626,0.663333832,-1.309223441,1.364651078,1.646501626,0.663333832,w31,iy
0.880239725,-0.530535473,-0.492672328,-1.678348962,0.880239725,-0.530535473,-0.492672328,-1.678348962,w31,uh
-1.241438204,-1.840819435,-1.663931072,-0.1172271,-1.241438204,-1.840819435,-1.663931072,-0.1172271,w31,uw
0.993167316,0.550961835,-0.567681139,0.425481472,0.993167316,0.550961835,-0.567681139,0.425481472,w32,ae
0.751352665,-0.416951292,-1.443151895,0.472757191,0.751352665,-0.416951292,-1.443151895,0.472757191,w32,ah
0.993167316,-0.010390479,-0.120632242,-1.843753044,0.993167316,-0.010390479,-0.120632242,-1.843753044,w32,eh
-0.518174252,0.586396034,0.208445418,-0.803687224,-0.518174252,0.586396034,0.208445418,-0.803687224,w32,ih
-1.455206025,1.765049399,2.033895081,1.465547291,-1.455206025,1.765049399,2.033895081,1.465547291,w32,iy
0.562434969,-1.226343001,-0.499382002,-0.283654314,0.562434969,-1.226343001,-0.499382002,-0.283654314,w32,uh
-1.326741991,-1.248722495,0.388506779,0.567308629,-1.326741991,-1.248722495,0.388506779,0.567308629,w32,uw
0.719744927,0.596312445,0.144797397,0.467317333,0.719744927,0.596312445,0.144797397,0.467317333,w33,ae
1.700554359,-0.690061996,-0.656639358,1.062084848,1.700554359,-0.690061996,-0.656639358,1.062084848,w33,ah
0.506927786,0.312265297,0.90851948,-1.344020098,0.506927786,0.312265297,0.90851948,-1.344020098,w33,eh
-0.853251332,0.666508004,1.139521839,-0.451868826,-0.853251332,0.666508004,1.139521839,-0.451868826,w33,ih
-1.130838907,1.484367896,1.040520828,0.359177785,-1.130838907,1.484367896,1.040520828,0.359177785,w33,iy
0.192328534,-0.629661166,-1.184644749,-1.371054985,0.192328534,-0.629661166,-1.184644749,-1.371054985,w33,uh
-1.135465367,-1.73973048,-1.392075438,1.278363944,-1.135465367,-1.73973048,-1.392075438,1.278363944,w33,uw
0.139166677,0.325944082,-0.66861902,1.463022811,0.139166677,0.325944082,-0.66861902,1.463022811,w34,ae
1.688251492,-0.535173461,-0.62430414,0.726248734,1.688251492,-0.535173461,-0.62430414,0.726248734,w34,ah
0.698114806,0.202423123,-0.47772415,-0.943772509,0.698114806,0.202423123,-0.47772415,-0.943772509,w34,eh
-0.941466373,0.777677874,0.292673001,-1.042009053,-0.941466373,0.777677874,0.292673001,-1.042009053,w34,ih
-1.228925411,1.60879747,2.337975175,0.456098238,-1.228925411,1.60879747,2.337975175,0.456098238,w34,iy
0.591648496,-0.669281931,-0.348188346,-1.312159548,0.591648496,-0.669281931,-0.348188346,-1.312159548,w34,uh
-0.946789688,-1.710387156,-0.51181252,0.652571326,-0.946789688,-1.710387156,-0.51181252,0.652571326,w34,uw
0.483347555,0.348481565,-1.037962419,1.300226817,0.483347555,0.348481565,-1.037962419,1.300226817,w35,ae
1.859029058,-0.819302404,-0.442829193,0.954596904,1.859029058,-0.819302404,-0.442829193,0.954596904,w35,ah
0.270887091,0.210077539,-0.095972405,-0.715947678,0.270887091,0.210077539,-0.095972405,-0.715947678,w35,eh
-0.648004414,0.677191127,-0.603478653,-1.618425785,-0.648004414,0.677191127,-0.603478653,-1.618425785,w35,ih
-1.237582201,1.797398712,2.164073405,0.301740401,-1.237582201,1.797398712,2.164073405,0.301740401,w35,iy
0.350559765,-0.998795125,0.5867878,-0.869560973,0.350559765,-0.998795125,0.5867878,-0.869560973,w35,uh
-1.078236853,-1.215051415,-0.570618536,0.647370314,-1.078236853,-1.215051415,-0.570618536,0.647370314,w35,uw
0.822493354,0.512768139,-0.030636484,0.733185648,0.822493354,0.512768139,-0.030636484,0.733185648,w36,ae
1.398798221,-0.726336916,-0.473844287,1.769515361,1.398798221,-0.726336916,-0.473844287,1.769515361,w36,ah
0.514757745,0.117107443,0.174287554,-0.377167617,0.514757745,0.117107443,0.174287554,-0.377167617,w36,eh
-0.917611633,0.735475358,1.003515057,-0.747285372,-0.917611633,0.735475358,1.003515057,-0.747285372,w36,ih
-1.219752049,1.668950294,1.575396093,-1.462846364,-1.219752049,1.668950294,1.575396093,-1.462846364,w36,iy
0.593090446,-0.832952073,-0.52150104,-0.451191168,0.593090446,-0.832952073,-0.52150104,-0.451191168,w36,uh
-1.191776084,-1.475012245,-1.727216892,0.535789512,-1.191776084,-1.475012245,-1.727216892,0.535789512,w36,uw
1.286729049,0.253443216,-0.585223039,0.763744537,1.286729049,0.253443216,-0.585223039,0.763744537,w37,ae
0.928314902,-1.091591389,0.438917279,1.184233103,0.928314902,-1.091591389,0.438917279,1.184233103,w37,ah
0.164736937,0.488497807,0.046551833,-1.09841911,0.164736937,0.488497807,0.046551833,-1.09841911,w37,eh
-0.59364662,0.609756127,-0.239409425,-0.497721159,-0.59364662,0.609756127,-0.239409425,-0.497721159,w37,ih
-1.440335112,1.702946527,1.536210478,0.493430459,-1.440335112,1.702946527,1.536210478,0.493430459,w37,iy
0.819232336,-0.589768492,0.691627228,-1.639047265,0.819232336,-0.589768492,0.691627228,-1.639047265,w37,uh
-1.165031492,-1.373283796,-1.888674354,0.793779435,-1.165031492,-1.373283796,-1.888674354,0.793779435,w37,uw
0.431651429,0.212733934,0.385144279,0.610505751,0.431651429,0.212733934,0.385144279,0.610505751,w38,ae
1.635311881,-0.59029982,0.170375774,1.77601673,1.635311881,-0.59029982,0.170375774,1.77601673,w38,ah
0.586762312,0.188660117,0.517236413,-0.111001046,0.586762312,0.188660117,0.517236413,-0.111001046,w38,eh
-1.063617483,0.960741821,0.700644915,-0.915758626,-1.063617483,0.960741821,0.700644915,-0.915758626,w38,ih
-1.156684013,1.574624155,-2.418249926,0.111001046,-1.156684013,1.574624155,-2.418249926,0.111001046,w38,iy
0.568149006,-0.717547138,0.387044885,-1.609515161,0.568149006,-0.717547138,0.387044885,-1.609515161,w38,uh
-1.00157313,-1.628913069,0.257803661,0.138751307,-1.00157313,-1.628913069,0.257803661,0.138751307,w38,uw
0.466218814,0.462264801,0.269469299,1.482887735,0.466218814,0.462264801,0.269469299,1.482887735,w39,ae
1.813704897,-0.708581082,0.352933241,0.932267338,1.813704897,-0.708581082,0.352933241,0.932267338,w39,ah
0.329764527,0.374535715,0.51360133,-0.678807156,0.329764527,0.374535715,0.51360133,-0.678807156,w39,eh
-0.761869769,0.936339288,0.615844659,-0.923527332,-0.761869769,0.936339288,0.615844659,-0.923527332,w39,ih
-1.131433463,1.388481502,-2.433719129,0.932267338,-1.131433463,1.388481502,-2.433719129,0.932267338,w39,iy
0.437790837,-0.819929538,0.294508482,-1.209034204,0.437790837,-0.819929538,0.294508482,-1.209034204,w39,uh
-1.154175844,-1.633110685,0.387362117,-0.53605372,-1.154175844,-1.633110685,0.387362117,-0.53605372,w39,uw
0.888185966,0.314899754,-1.217738908,1.143138762,0.888185966,0.314899754,-1.217738908,1.143138762,w40,ae
1.38609422,-1.019080757,1.129214099,1.012494332,1.38609422,-1.019080757,1.129214099,1.012494332,w40,ah
0.704746082,0.33770284,-0.012546823,-0.947172117,0.704746082,0.33770284,-0.012546823,-0.947172117,w40,eh
-0.389341793,0.687350154,-0.310185354,-1.273783192,-0.389341793,0.687350154,-0.310185354,-1.273783192,w40,ih
-1.51618679,1.540565609,1.631784077,0.163305537,-1.51618679,1.540565609,1.631784077,0.163305537,w40,iy
0.082360764,-0.165865302,-0.002788183,-1.077816547,0.082360764,-0.165865302,-0.002788183,-1.077816547,w40,uh
-1.155858448,-1.695572298,-1.217738908,0.979833225,-1.155858448,-1.695572298,-1.217738908,0.979833225,w40,uw
0.128113372,0.741246764,-0.002371975,1.396996613,0.128113372,0.741246764,-0.002371975,1.396996613,w41,ae
1.442165111,-0.674277148,-0.608411663,1.324738167,1.442165111,-0.674277148,-0.608411663,1.324738167,w41,ah
0.875441375,0.041883278,-0.63746836,-0.96344594,0.875441375,0.041883278,-0.63746836,-0.96344594,w41,eh
-0.849640766,0.654208077,0.338006479,-1.035704385,-0.849640766,0.654208077,0.338006479,-1.035704385,w41,ih
-1.204621567,1.570404784,2.210087979,0.48172297,-1.204621567,1.570404784,2.210087979,0.48172297,w41,iy
0.775797641,-0.732302939,-0.21407077,-1.011618237,0.775797641,-0.732302939,-0.21407077,-1.011618237,w41,uh
-1.167255167,-1.601162816,-1.08577169,-0.192689188,-1.167255167,-1.601162816,-1.08577169,-0.192689188,w41,uw
0.219863287,0.446696597,-0.346940174,0.763933691,0.219863287,0.446696597,-0.346940174,0.763933691,w42,ae
1.633780845,-0.524371112,-0.412577504,0.144745331,1.633780845,-0.524371112,-0.412577504,0.144745331,w42,ah
0.01966257,0.101385683,0.098846694,-0.108558998,0.01966257,0.101385683,0.098846694,-0.108558998,w42,eh
-0.92503456,0.513469425,0.087907139,-1.234356017,-0.92503456,0.513469425,0.087907139,-1.234356017,w42,ih
-1.156516638,1.764983014,2.251204146,1.664571306,-1.156516638,1.764983014,2.251204146,1.664571306,w42,iy
1.12076651,-0.657916769,-0.511033499,-1.431370495,1.12076651,-0.657916769,-0.511033499,-1.431370495,w42,uh
-0.912522015,-1.644246838,-1.167406801,0.201035182,-0.912522015,-1.644246838,-1.167406801,0.201035182,w42,uw
0.53497803,0.435888427,-0.282423026,0.876928281,0.53497803,0.435888427,-0.282423026,0.876928281,w44,ae
1.819250023,-0.457882797,-0.602502455,0.603638988,1.819250023,-0.457882797,-0.602502455,0.603638988,w44,ah
0.364499447,0.363906852,-0.087864941,-1.183252544,0.364499447,0.363906852,-0.087864941,-1.183252544,w44,eh
-0.925455166,0.697821381,0.100417076,-0.952007758,-0.925455166,0.697821381,0.100417076,-0.952007758,w44,ih
-1.107298988,1.577596187,2.319006846,1.192262081,-1.107298988,1.577596187,2.319006846,1.192262081,w44,iy
0.347451589,-1.125711855,-0.483257178,-1.267341557,0.347451589,-1.125711855,-0.483257178,-1.267341557,w44,uh
-1.033424935,-1.491618195,-0.963376322,0.729772508,-1.033424935,-1.491618195,-0.963376322,0.729772508,w44,uw
0.542237465,0.424811546,-1.302658202,0.950185535,0.542237465,0.424811546,-1.302658202,0.950185535,w45,ae
1.479175133,-0.763854908,0.279141043,0.291330471,1.479175133,-0.763854908,0.279141043,0.291330471,w45,ah
0.563531503,0.551736947,0.279141043,-1.747982824,0.563531503,0.551736947,0.279141043,-1.747982824,w45,eh
-0.804610432,0.813646505,0.124062686,-0.493020797,-0.804610432,0.813646505,0.124062686,-0.493020797,w45,ih
-1.230491191,1.397906288,1.662439991,0.73056718,-1.230491191,1.397906288,1.662439991,0.73056718,w45,iy
0.69661924,-0.77795773,0.434219401,-0.900883456,0.69661924,-0.77795773,0.434219401,-0.900883456,w45,uh
-1.246461719,-1.646288649,-1.476345963,1.16980389,-1.246461719,-1.646288649,-1.476345963,1.16980389,w45,uw
0.666089025,0.657000034,-0.038461482,1.418747213,0.666089025,0.657000034,-0.038461482,1.418747213,w46,ae
1.555431703,-0.722015662,-1.330126253,0.805464055,1.555431703,-0.722015662,-1.330126253,0.805464055,w46,ah
0.337083641,0.220710949,0.237179139,-0.183702328,0.337083641,0.220710949,0.237179139,-0.183702328,w46,eh
-0.516274073,0.633046907,-0.205127904,-0.816768814,-0.516274073,0.633046907,-0.205127904,-0.816768814,w46,ih
-1.251395478,1.61683602,2.173073734,0.449364157,-1.251395478,1.61683602,2.173073734,0.449364157,w46,iy
0.573556261,-0.990632863,-0.24679451,-1.845501853,0.573556261,-0.990632863,-0.24679451,-1.845501853,w46,uh
-1.364491078,-1.414945385,-0.589742724,0.17239757,-1.364491078,-1.414945385,-0.589742724,0.17239757,w46,uw
0.963621629,0.337613588,-0.483047466,1.133992562,0.963621629,0.337613588,-0.483047466,1.133992562,w47,ae
1.548540724,-0.54018174,-0.754972788,0.630315663,1.548540724,-0.54018174,-0.754972788,0.630315663,w47,ah
0.448463526,0.100319466,-0.784529889,-0.538214744,0.448463526,0.100319466,-0.784529889,-0.538214744,w47,eh
-0.710642203,0.522818756,-0.287970605,-1.263509479,-0.710642203,0.522818756,-0.287970605,-1.263509479,w47,ih
-1.32239245,1.813467271,2.324877054,1.315316246,-1.32239245,1.813467271,2.324877054,1.315316246,w47,iy
0.164053324,-0.603846017,-0.222944984,-1.303803631,0.164053324,-0.603846017,-0.222944984,-1.303803631,w47,uh
-1.09164455,-1.630191323,0.208588679,0.025903383,-1.09164455,-1.630191323,0.208588679,0.025903383,w47,uw
0.82496702,0.179482669,-0.347068084,0.93499092,0.82496702,0.179482669,-0.347068084,0.93499092,w48,ae
1.325337642,-0.650399571,-0.438499998,1.697507787,1.325337642,-0.650399571,-0.438499998,1.697507787,w48,ah
0.398421572,0.053424607,0.580312764,-0.462956669,0.398421572,0.053424607,0.580312764,-0.462956669,w48,eh
-0.692550439,0.77195556,0.410510637,-1.204292512,-0.692550439,0.77195556,0.410510637,-1.204292512,w48,ih
-1.176515466,1.841348118,1.31176808,0.278379174,-1.176515466,1.841348118,1.31176808,0.278379174,w48,iy
0.734736252,-0.828981826,0.528065955,-1.225473536,0.734736252,-0.828981826,0.528065955,-1.225473536,w48,uh
-1.414396581,-1.366829556,-2.045089353,-0.018155163,-1.414396581,-1.366829556,-2.045089353,-0.018155163,w48,uw
0.59928584,0.542393698,-0.225411017,1.256602643,0.59928584,0.542393698,-0.225411017,1.256602643,w49,ae
1.635088526,-1.822936732,0.844838075,1.411310003,1.635088526,-1.822936732,0.844838075,1.411310003,w49,ah
0.128466437,0.3800671,-1.274508941,-0.909300405,0.128466437,0.3800671,-1.274508941,-0.909300405,w49,eh
-0.930877219,0.890236408,0.180691405,-1.019805662,-0.930877219,0.890236408,0.180691405,-1.019805662,w49,ih
-1.090955816,1.191700091,1.754338291,0.615672149,-1.090955816,1.191700091,1.754338291,0.615672149,w49,iy
0.787613601,-0.185967856,-0.056201674,-1.041906714,0.787613601,-0.185967856,-0.056201674,-1.041906714,w49,uh
-1.128621368,-0.995492709,-1.223746138,-0.312572014,-1.128621368,-0.995492709,-1.223746138,-0.312572014,w49,uw
0.636143198,0.427634774,0.079511936,1.326155135,0.636143198,0.427634774,0.079511936,1.326155135,w50,ae
1.338959852,-0.744780181,-0.514806097,1.326155135,1.338959852,-0.744780181,-0.514806097,1.326155135,w50,ah
0.69105075,0.112535467,0.126680034,-0.766146619,0.69105075,0.112535467,0.126680034,-0.766146619,w50,eh
-0.659675006,0.468556762,0.192715371,-1.367382755,-0.659675006,0.468556762,0.192715371,-1.367382755,w50,ih
-1.450343741,1.884457545,1.985103092,0.29202898,-1.450343741,1.884457545,1.985103092,0.29202898,w50,iy
0.625161688,-0.78160997,-0.23179751,-0.958542183,0.625161688,-0.78160997,-0.23179751,-0.958542183,w50,uh
-1.181296741,-1.366794398,-1.637406827,0.147732308,-1.181296741,-1.366794398,-1.637406827,0.147732308,w50,uw